High,Low,Volume
117.9375,110.125,35473000
124.00,120.75,11091400
124.50,120.515602,15051800
126.75,120.00,27184600
131.50,120.625,39080600
139.6875,132.875,13895600
140.00,132.125,19643800
134.375,124.9375,14610600
130.00,126.3125,18488000
130.5625,123.25,15705600
131.375,125.00,14911600
134.125,130.875,11038200
138.00,133.50,11161800
135.25,131.125,6694400
133.75,128.1875,8142800
129.75,125.375,7436000
133.8125,128.3125,6857000
137.50,132.50,8145800
138.00,133.0625,8953400
137.75,130.75,9502600
136.875,131.25,10833600
131.5625,123.50,12216200
133.0625,126.25,9287400
130.00,126.00,8777800
129.75,122.75,11073200
136.75,126.0625,14022600
136.625,131.3125,11889800
139.25,133.6875,11078600
139.375,130.375,12744800
138.75,132.25,12922000
140.75,137.5625,10598400
142.6875,133.6875,19580200
138.00,130.00,20859200
133.375,127.125,15129400
133.50,125.0625,15484200
128.25,122.50,18338800
127.125,121.515602,20465600
127.375,116.875,74122200
106.5625,99.875,61754000
114.00,109.718697,23104200
118.50,115.00,25520400
124.1875,118.50,11706400
127.875,120.25,8643000
128.25,122.125,4773200
124.50,118.8125,9068000
126.00,118.75,12176400
127.625,123.125,13065200
128.875,118.75,20571400
124.875,117.125,23421800
130.00,122.25,18099800
142.125,131.625,16783000
145.5625,140.50,15826200
150.00,140.3125,20704400
140.625,135.9375,14533600
141.25,135.50,13738800
141.75,134.8125,10597600
141.50,137.125,8810400
139.5625,131.25,14961200
145.50,136.75,11717000
146.765594,142.25,8727400
147.75,140.50,17499800
146.00,135.50,20657200
142.1875,135.00,13933800
141.9375,130.50,17966800
134.875,127.3125,22187400
122.00,115.625,16573800
117.3125,112.8125,28353800
120.00,114.50,17734000
116.125,111.00,12662200
123.625,113.00,18788800
124.00,112.00,22729200
127.375,118.00,17904400
128.00,113.25,31994400
134.6875,120.00,28261600
137.5625,130.00,15213200
139.75,131.875,20842400
138.25,130.00,20359400
130.00,120.640602,11592000
131.4375,125.0625,14853400
126.00,119.50,14962800
122.50,112.50,18772600
122.25,115.00,13656200
125.50,120.50,7958800
128.00,122.00,8375000
127.00,121.0625,13000000
124.75,116.0625,14383000
131.50,121.625,13658200
136.00,126.9375,14252400
131.875,125.50,14908800
126.75,113.00,19964200
126.875,118.25,16669600
127.00,118.75,25156400
119.125,107.00,21974800
129.125,119.50,13100600
134.50,122.00,18326000
127.50,115.50,24866000
122.9375,108.00,44468600
135.25,111.00,38466800
148.125,134.3125,28022800
142.9375,130.50,29695800
142.50,132.50,28853600
153.00,141.00,24860000
160.00,150.75,24960400
171.25,150.6875,55990400
169.875,158.50,27371800
171.00,132.75,42528400
173.00,159.375,19322800
177.25,160.50,21684000
187.0625,160.25,31733800
196.50,174.00,21540000
200.75,192.00,12830200
205.1875,195.00,17279800
201.00,188.00,14707800
203.00,190.50,14708600
205.625,188.50,31384600
193.25,168.5625,25232800
175.375,165.25,10404600
176.9375,169.00,11223000
173.00,156.0625,17049200
169.00,155.125,17643400
183.531204,167.9375,15768600
180.50,168.00,12033000
183.00,175.625,10406600
185.00,172.00,17405000
181.00,165.00,17234400
180.375,168.00,17345600
177.00,162.734299,25566400
163.00,151.00,14972000
159.00,152.00,12227400
163.00,155.00,11652200
169.875,155.50,13684600
164.75,152.125,18420200
170.3125,160.3125,11418000
171.625,159.25,16506000
170.00,153.00,21189800
157.00,148.9375,17691600
163.1875,155.375,14643800
168.00,161.0625,12434600
170.00,160.00,12820400
173.25,156.00,21323200
173.75,163.75,15165600
365.00,341.75,19158400
366.00,353.937531,17980400
377.25,360.125,23918800
379.812469,358.50,29828800
363.00,347.00,20864400
372.50,347.00,33816000
361.00,334.00,39057600
337.00,317.00,26813200
329.75,310.812469,24690800
322.062469,303.00,35825200
343.00,309.625,36656000
339.562469,325.125,19222000
343.484314,327.75,19404000
347.00,316.25,34588000
360.50,324.00,25329200
360.00,348.00,17615200
371.937531,349.00,31349600
367.375,336.00,31800000
350.00,335.00,30706000
363.00,342.00,49232800
377.375,338.00,67762800
394.00,355.00,74100000
426.25,392.00,75761600
451.25,420.00,61022400
408.00,363.00,48999600
413.00,361.00,71301200
431.125,402.00,83194800
500.125,442.00,69868800
477.00,429.50,38469600
441.50,410.062469,10116400
448.00,406.75,24972400
410.00,394.00,11763200
420.00,390.00,20896400
428.062469,377.875,38158000
426.25,400.00,18468400
421.187531,394.75,34557200
408.312469,364.812469,40430400
369.875,346.00,27528400
352.125,337.00,20652000
341.875,332.375,19881200
334.75,315.50,33132400
350.50,333.00,28800000
356.25,344.50,22786400
357.50,334.25,38182800
341.25,312.062469,45672000
329.312469,311.00,99627600
353.00,286.125,265342000
282.00,250.687515,64394800
258.75,248.937515,40032400
249.75,227.75,39232400
234.00,224.937515,52774000
223.625,210.50,24242400
234.50,224.875,18530400
235.25,225.375,8035600
233.00,225.25,22665200
229.25,218.00,25955600
230.187515,218.00,22806400
219.187515,210.00,17340400
215.50,203.00,16049600
212.00,204.875,16416800
212.937515,203.687515,23657200
207.50,195.375,23674800
198.875,190.25,17907200
203.00,192.25,15894400
202.375,193.25,26834000
199.50,192.25,29762000
199.625,181.875,39462400
186.50,183.00,19503200
185.50,181.312485,22840400
182.375,178.625,18202400
181.50,176.875,16212000
183.00,178.00,22136000
180.00,177.00,29416400
179.50,172.75,29123600
177.625,172.00,14534800
180.125,174.00,12201600
180.25,176.25,15003200
183.812485,177.25,20509200
182.875,176.25,38491600
180.50,173.375,29566000
176.75,173.625,35864000
172.75,164.50,33723200
172.75,165.312485,44574800
173.937515,167.375,42182000
177.00,167.25,45434800
181.937515,172.00,45610000
188.00,180.00,70550400
192.375,185.062485,37374800
193.062485,182.00,99988000
176.937515,171.562485,35948400
177.812485,167.75,52034800
178.50,166.625,34314400
180.00,172.625,24662400
181.437515,174.75,23179600
187.00,178.687515,26710400
185.875,175.25,32783600
187.375,178.312485,38259200
185.00,173.312485,56219600
186.437515,171.25,66187200
180.00,168.625,47312800
175.00,164.312485,43461600
168.75,164.00,20120000
166.625,161.062485,19720000
163.875,157.312485,25113200
169.75,162.25,26740800
167.937515,159.687515,25134000
167.75,160.50,28529600
172.062485,165.00,41157200
163.375,157.812485,41091200
155.50,151.812485,17771200
157.00,152.062485,24489600
155.062485,146.875,33040800
144.515594,139.375,21898800
149.375,142.312485,17971600
148.25,139.25,42270800
149.75,142.562485,17183600
153.50,147.25,20174400
160.50,152.375,23626800
159.062485,153.50,25081200
159.50,149.875,46909600
153.50,146.875,42162000
145.312485,138.50,20089600
143.50,138.00,31132400
149.50,143.00,41488000
139.50,135.25,29511600
135.375,130.75,20766000
134.00,129.75,24487600
133.25,126.562477,31806800
131.625,122.562477,47123600
128.75,116.00,59756000
128.875,120.015602,30964400
136.00,125.75,58423200
129.625,110.00,93246000
127.75,119.75,45760800
134.437515,122.875,60916800
139.75,132.00,24568000
140.50,133.50,25167200
140.00,134.00,42611200
143.218719,131.50,46910800
140.50,131.062485,39426000
143.875,132.00,41694400
148.125,143.562485,19178800
151.50,143.062485,39331200
152.50,142.25,32751200
150.50,141.75,24332400
152.50,147.50,25438400
155.50,149.875,20528000
161.75,153.00,24413600
161.50,156.875,36978400
158.00,145.00,47375200
159.75,150.00,47432400
167.00,159.00,28462000
175.25,162.00,67836800
174.00,165.00,67031200
189.25,172.50,62996800
178.875,172.50,29583200
179.875,171.812485,46766800
178.375,157.812485,59339600
164.312485,153.00,45476000
156.50,147.562485,38500400
153.875,145.00,21633200
155.687515,147.00,28072800
156.50,146.25,42335200
166.125,150.50,50848000
160.50,148.00,50007600
145.50,140.50,17448800
149.937515,137.25,48852400
143.50,125.187523,59128800
129.625,117.625,49996000
134.875,118.00,50811600
146.50,134.25,25944000
147.875,140.75,20716000
149.187515,143.062485,23841200
153.50,142.531204,27203600
157.75,144.25,36826000
147.75,134.00,36142000
144.50,133.50,30196000
149.00,130.125,45042400
150.00,135.062485,31400400
148.25,131.50,28661200
141.625,132.875,30726800
141.25,120.50,52978400
141.125,126.625,37816800
150.25,135.875,30008400
153.312485,148.75,14906400
159.125,151.00,10570000
161.125,155.25,16702000
161.50,155.312485,18851600
162.75,150.062485,26168000
161.75,153.00,23758400
173.50,159.875,18511600
173.50,164.875,22728400
175.312485,160.875,42985600
156.812485,147.50,25932800
157.50,145.00,27588800
162.50,150.00,23365200
162.125,148.875,39324000
170.25,158.00,25120000
173.25,161.00,20424000
182.00,168.00,14938800
175.50,164.625,25935200
184.937515,171.00,18786800
197.562485,181.50,20129200
194.50,187.25,13915600
192.125,180.50,19913600
185.00,175.437515,25307200
180.00,170.00,24596400
174.00,155.00,42084400
191.00,161.25,42021200
197.00,185.062485,23426400
200.062485,172.00,45416800
208.00,189.50,25956800
216.375,202.00,29236400
206.062485,192.875,39976800
211.00,202.00,24151600
217.00,196.937515,56466800
231.00,203.00,69661600
244.00,210.00,100101200
221.00,185.00,82058000
181.00,168.00,40504800
181.50,168.00,32183600
185.875,172.125,38020000
178.75,171.75,15764000
177.25,170.00,23164800
179.25,165.00,32558000
160.50,147.125,22805600
164.00,155.187515,20626000
178.00,164.625,16258800
178.25,169.75,13999600
176.00,169.875,13022800
174.25,170.00,11562800
180.50,174.75,12136000
179.687515,172.75,13907200
179.125,171.00,18828400
183.375,176.062485,34746000
174.50,169.00,22300000
173.00,163.75,25655600
173.187515,160.00,36341600
162.00,156.00,32062800
158.00,146.125,23268000
157.375,148.625,25215200
165.00,152.875,29651200
165.00,149.125,39223200
158.375,150.00,29360000
155.50,144.50,32932400
160.50,149.50,35772800
157.25,148.00,45360800
150.00,131.875,33567600
137.437515,130.00,33774000
134.50,124.00,35252000
139.25,125.50,38656400
156.00,131.937515,58302000
155.00,148.00,24872000
159.00,145.50,32700800
148.625,128.937515,47980400
157.875,139.00,41688400
173.50,154.625,38321600
353.00,335.00,49096000
359.00,335.00,48534400
360.00,323.124969,45029600
338.00,308.624969,49295200
359.00,333.00,39826400
365.00,345.00,33787200
369.00,335.00,52440000
381.187531,330.00,54030400
352.124969,319.00,66213600
313.00,285.00,49068800
291.00,253.00,73045600
280.00,249.375046,89164000
330.75,285.00,43305600
345.00,317.937531,34664800
354.50,304.00,83922400
386.00,343.00,56675200
406.00,332.00,97093600
443.00,370.00,104092000
445.00,363.50,80186400
357.375031,330.00,61498400
325.75,283.00,77141600
299.00,267.00,71474400
261.00,239.687515,43924800
252.00,240.00,33860000
255.00,232.00,37516800
271.375031,241.00,59023200
275.375031,263.375031,41398400
286.00,250.00,60430400
251.00,244.00,9348800
253.375046,245.50,29891200
253.875046,233.00,63622400
250.875046,218.00,68780000
215.124954,207.25,37685600
213.50,199.50,54028800
210.50,201.25,55996800
198.375046,193.50,32498400
196.875046,189.562485,40104000
197.75,190.75,42621600
202.00,188.624954,47940800
206.50,194.062485,63276000
200.00,187.375046,50747200
194.00,186.624954,30444000
192.875046,180.00,73370400
202.75,182.624954,67581600
206.375046,195.00,63236800
207.375046,182.00,98687200
217.624954,191.50,56202400
217.25,211.75,16614400
216.00,203.25,56652000
227.75,203.00,132245600
222.00,191.00,92021600
193.124954,181.50,74551200
198.375046,184.50,83217600
190.25,178.437515,80068000
181.50,168.25,65894400
175.00,167.75,47338400
177.687515,164.50,59292800
175.375046,163.25,76820000
181.875046,164.00,96396800
185.624954,168.375046,104089600
165.375046,153.875046,73947200
154.312485,151.00,39160800
154.062485,149.812485,82464800
151.50,145.50,75329600
149.00,141.062485,88573600
145.75,131.75,82252800
133.124954,129.25,39603200
131.25,126.00,41452000
128.00,121.00,42363200
132.124954,123.50,47267200
128.00,123.25,40869600
124.00,120.50,28093600
124.25,117.25,60401600
119.875038,115.656158,35041600
121.124962,115.375038,48166400
119.25,113.50,42296000
122.00,115.124962,54677600
120.124962,110.25,71287200
116.50,108.50,59580000
114.375038,109.624962,51824000
118.00,108.687523,103243200
110.00,102.00,74280000
108.50,97.50,172985600
123.00,110.50,137588800
132.124954,121.75,123448000
129.562485,117.062477,130274400
127.50,113.75,135588000
126.375038,112.687523,122895200
132.187515,124.75,83716800
134.624954,124.75,87640800
129.50,121.812477,85004800
121.25,111.25,80061600
125.375038,112.75,119551200
118.00,104.50,121677600
105.00,98.00,88165600
97.00,86.812477,61918400
92.375038,89.875038,40134400
93.75,89.312477,103429600
93.75,85.00,97708000
84.50,82.00,33928800
84.875038,81.624962,35400800
81.875038,76.75,45369600
80.50,73.00,61207200
85.812477,79.75,38174400
85.00,79.124962,54988000
78.124962,72.50,33694400
77.875038,71.50,63705600
83.937523,74.624962,78278400
76.50,59.00,96534400
84.124962,66.50,77024800
92.375038,81.75,62074400
95.00,90.75,39107200
96.937523,94.124962,22042400
99.25,95.75,19356800
98.00,95.624962,21888000
97.375038,93.25,30939200
97.875038,94.75,23878400
100.00,94.875038,33248000
98.00,92.624962,42212800
92.50,90.00,20256800
94.375038,90.00,25372000
96.75,92.624962,26801600
96.312477,93.00,42176000
94.25,88.375038,50840800
94.00,88.75,34913600
93.25,87.312477,51663200
88.375038,81.187523,36946400
87.75,79.00,54120000
89.75,85.00,42092800
90.50,86.124962,34780000
185.00,178.50,63755200
185.375046,170.50,96512000
186.624954,173.249924,66641600
190.50,182.249924,61753600
189.50,174.00,83516800
193.00,177.624954,87747200
198.750076,188.750076,43572800
196.624954,188.50,68036800
207.437439,187.437439,115219200
197.249924,184.750076,63902400
189.375046,182.624954,46369600
187.50,179.624954,51748800
187.375046,181.124954,36636800
191.375046,184.00,59248000
188.624954,177.00,85763200
186.124954,177.624954,112896000
204.00,184.00,207491200
198.50,175.00,224849600
207.50,190.00,198368000
200.00,176.937439,216720000
179.50,166.00,119217600
170.00,160.00,73984000
159.750076,153.624954,63260800
154.750076,149.375046,51121600
153.624954,146.50,67873600
156.249924,147.00,99208000
152.00,143.00,96169600
150.375046,138.00,122494400
140.375046,128.50,81326400
130.50,124.750076,59110400
136.375046,127.624962,81768000
131.624954,124.249924,130657600
122.375038,114.50,63780800
116.375038,111.50,53963200
116.00,111.00,48417600
116.750076,113.437439,51329600
119.249924,114.375038,69064000
118.50,109.750076,95710400
109.50,104.875038,33300800
106.00,101.50,37105600
104.124962,100.50,49841600
105.750076,101.624962,71544000
105.750076,99.124962,114208000
109.249924,101.50,72801600
112.00,108.687523,36216000
115.00,109.875038,47590400
115.249924,106.375038,103491200
115.50,108.124962,46486400
116.750076,113.00,15713600
118.50,115.750076,18348800
119.375038,115.750076,15969600
119.750076,116.750076,23678400
119.437439,114.187523,33620800
123.00,117.750076,25552000
126.375038,120.249924,57985600
124.062561,115.249924,60171200
116.50,112.562561,33731200
118.875038,114.00,27179200
117.750076,113.687523,26433600
118.375038,114.50,26564800
117.249924,114.249924,22596800
120.375038,116.50,23513600
122.00,119.249924,15729600
119.375038,116.750076,20518400
121.624962,118.00,35766400
119.50,116.562561,38995200
119.375038,115.249924,75300800
112.750076,109.312477,67828800
117.750076,111.124962,78507200
116.00,111.062561,82996800
124.624962,117.124962,57531200
129.00,122.00,51115200
128.875046,120.624962,67028800
125.50,120.124962,93952000
129.624954,117.00,146963200
118.624962,115.812477,40574400
118.249924,111.624962,77942400
116.624962,108.812477,114054400
114.750076,106.00,176787200
98.750076,93.875038,93374400
98.50,91.750076,81860800
103.750076,98.50,47131200
105.750076,101.00,58545600
104.562561,98.50,64988800
97.812477,90.875038,39004800
94.124962,91.750076,19136000
94.249924,91.124962,30766400
92.187523,88.750076,28928000
90.50,87.343681,27820800
89.937439,87.375038,38163200
87.00,82.750076,28342400
83.812477,82.375038,10816000
84.937439,82.750076,18041600
87.437439,83.875038,33745600
86.875038,81.624962,41563200
85.249924,82.624962,14350400
86.50,84.50,24947200
85.00,81.50,31441600
85.00,81.249924,69780800
86.750076,83.00,66195200
92.375038,84.312477,105219200
88.50,81.624962,66227200
81.750076,75.750076,52110400
75.624962,68.750076,53112000
72.50,70.750076,22900800
74.00,70.750076,22182400
74.937439,71.750076,32520000
74.249924,67.750076,99968000
68.50,61.75008,39760000
62.24992,60.875038,20102400
63.875038,61.124962,14260800
64.624962,62.937439,11187200
64.750076,61.624962,12539200
65.624962,63.24992,13486400
64.750076,62.624962,11323200
65.00,63.50,11427200
66.750076,64.375038,13256000
65.249924,63.75008,9059200
65.750076,64.00,11950400
65.50,63.00,20785600
65.249924,63.00,16547200
64.624962,61.624962,14387200
64.875038,61.624962,18446400
64.624962,63.187519,13721600
66.124962,63.875038,33953600
66.124962,63.875038,24558400
64.50,61.24992,32681600
62.24992,57.624962,33180800
60.624962,57.812481,29641600
61.24992,60.00,15113600
62.50,59.50,10534400
62.937439,61.124962,10700800
64.00,62.24992,11137600
64.50,62.875038,18336000
65.249924,63.00,35096000
67.50,65.00,18288000
66.750076,64.00,27916800
67.875038,66.00,26678400
68.249924,64.562561,52755200
64.124962,59.00,38262400
65.249924,60.75008,30296000
65.968643,62.75008,21748800
64.875038,62.75008,15758400
65.124962,61.24992,28688000
65.375038,62.624962,26601600
69.50,65.00,17828800
70.875038,69.124962,15467200
71.00,68.00,16508800
69.00,66.375038,15100800
66.375038,64.249924,9587200
66.00,64.50,6185600
67.875038,63.624962,22833600
65.375038,61.875038,23824000
63.00,56.24992,29721600
59.50,57.24992,12747200
61.50,59.50,10875200
60.50,57.124962,13553600
60.24992,56.50,14430400
60.00,57.00,14584000
58.875038,56.375038,17451200
59.375038,57.00,14763200
61.00,58.00,27473600
59.75008,55.624962,30825600
56.375038,52.624962,25928000
55.00,53.375038,10012800
54.24992,51.875038,9440000
54.875038,52.00,15512000
54.375038,51.24992,16558400
51.50,50.75008,2153600
52.24992,50.24992,8777600
51.75008,48.00,29675200
52.50,48.124962,20104000
54.50,51.624962,12600000
54.124962,50.875038,24377600
51.624962,49.562561,13123200
54.24992,51.375038,22524800
52.75008,49.624962,25088000
49.124962,46.00,24700800
46.50,42.00,29244800
47.375038,42.875038,25264000
49.50,45.50,20819200
51.00,48.00,13699200
51.75008,48.75008,23028800
55.75008,52.24992,29057600
54.50,50.875038,39339200
51.375038,44.50,25473600
46.50,44.75008,13121600
44.24992,42.50,14144000
43.24992,39.24992,17641600
46.24992,40.375038,30163200
46.75008,34.124962,51822400
47.00,38.00,35051200
51.75008,46.50,15764800
51.75008,49.24992,15209600
53.375038,50.624962,14001600
51.375038,49.624962,13385600
49.24992,46.875038,20217600
49.00,45.50,24849600
53.124962,48.24992,21169600
51.75008,50.24992,11564800
52.624962,49.50,14172800
53.24992,50.24992,18051200
55.50,52.75008,18844800
56.375038,54.75008,33960000
58.00,56.00,32020800
58.124962,55.124962,15825600
58.624962,55.24992,15339200
56.24992,53.75008,19518400
55.00,50.124962,22676800
51.624962,50.124962,14475200
50.624962,49.75008,3744000
51.00,49.375038,6649600
51.75008,50.00,10222400
52.00,48.75008,14795200
53.124962,50.875038,12670400
55.00,50.124962,14896000
55.375038,52.00,17758400
52.624962,49.24992,24308800
50.24992,48.375038,12360000
51.875038,47.375038,20712000
51.124962,45.24992,37563200
53.75008,48.00,31624000
58.00,52.75008,22862400
56.75008,52.50,33902400
54.00,50.375038,23131200
50.375038,48.00,17556800
49.124962,46.75008,21164800
45.75008,42.00,16643200
42.375038,40.624962,9294400
41.875038,39.875038,11555200
40.75008,39.124962,10619200
59.874962,56.25,13696000
57.687601,53.500082,24696000
56.375038,54.75,11371200
56.749918,55.50,6016000
57.250082,55.87488,10302400
56.124962,53.124962,12489600
57.75,55.249918,10432000
57.75,54.250082,21724800
55.999918,52.50,20222400
52.50,48.250082,18100800
49.750082,48.499918,9004800
51.00,49.374962,5505600
52.50,49.625038,18326400
54.250082,50.62512,10715200
54.00,51.75,18528000
54.624962,51.250082,13401600
56.124962,53.749918,8430400
55.999918,54.00,7033600
55.50,53.25,11304000
54.75,53.124962,12841600
55.999918,53.375038,19910400
56.500082,52.374962,33768000
55.000082,49.625038,47521600
48.250082,46.999921,4523200
49.000082,47.500079,3806400
48.125038,46.187519,9232000
49.50,46.750079,15115200
50.749918,49.12512,7364800
51.125038,48.250082,11822400
49.999918,46.999921,11200000
48.37488,44.874959,12059200
49.12512,46.50,12688000
51.250082,49.000082,11449600
50.749918,47.749921,33832000
48.499918,43.87488,24980800
45.125041,42.250079,15331200
46.12512,41.749921,44035200
45.125041,40.750079,37545600
40.000079,37.625041,17337600
37.750079,33.875041,14356800
34.50,33.499921,4416000
34.50,33.499921,5891200
35.25,33.75,4000000
35.500079,32.43744,14171200
36.875041,34.249921,8419200
36.75,35.749921,5118400
38.500079,37.000079,6720000
37.87488,36.250079,6438400
38.62512,35.874959,17841600
39.37488,34.750079,22753600
35.25,33.75,5457600
35.375041,33.75,8027200
35.124959,33.875041,5377600
35.25,32.375041,15921600
33.00,31.999921,3307200
32.124959,31.062481,5771200
32.500079,30.875041,17387200
33.125041,31.999921,5601600
34.000079,31.999921,6096000
33.00,31.50,6145600
32.62512,31.999921,2003200
33.00,31.12512,2668800
33.250079,31.937519,2300800
33.499921,32.500079,3259200
33.499921,30.875041,9692800
32.500079,31.249921,5289600
33.37488,31.249921,5318400
32.375041,31.000079,2836800
31.999921,31.12512,2622400
33.250079,30.875041,5865600
34.12512,32.124959,14593600
32.500079,31.750079,6846400
32.312399,31.374959,6510400
32.375041,30.37488,12323200
31.12512,30.125041,11044800
31.750079,30.00,14406400
32.749921,29.874959,25048000
34.000079,31.999921,9524800
34.87488,33.687601,9508800
35.500079,33.75,7969600
34.750079,32.500079,16603200
35.500079,31.999921,19278400
37.000079,34.999921,16374400
35.500079,33.75,13300800
34.50,32.62512,9956800
34.625041,31.374959,23041600
31.999921,30.75,20836800
32.874959,30.00,12057600
30.624959,30.250079,6452800
31.374959,29.749921,17889600
31.374959,27.624959,13531200
28.12512,24.75,27371200
31.000079,26.749921,12880000
33.37488,30.75,10238400
33.624959,31.249921,10315200
32.375041,30.499921,16086400
34.12512,31.000079,14208000
34.374959,32.375041,10651200
34.50,30.875041,21049600
34.999921,31.374959,34768000
36.00,34.374959,25516800
33.75,31.999921,10574400
34.249921,31.750079,23224000
32.375041,29.124959,17539200
30.75,28.062481,9009600
30.00,28.50,7403200
29.500079,27.75,6278400
28.87488,27.00,5640000
30.00,28.249921,7811200
30.00,27.624959,10580800
30.125041,27.00,10316800
30.00,27.250079,14780800
30.624959,26.500079,27048000
29.500079,27.00,29731200
25.374959,22.62504,21164800
24.125041,22.000081,11500800
26.375041,22.50,24931200
25.374959,22.37496,11526400
25.625041,22.750081,13540800
26.749921,25.000079,7958400
27.37488,25.999921,7019200
27.250079,26.500079,3513600
27.37488,26.124959,6217600
27.250079,25.50,12792000
28.750079,26.62512,12091200
30.125041,28.625041,7508800
31.87488,29.749921,10776000
30.875041,29.62512,8812800
31.625041,30.499921,4944000
32.375041,30.75,12100800
34.000079,31.000079,13734400
33.00,30.37488,9985600
32.124959,30.75,6304000
33.00,31.249921,7259200
34.000079,32.25,9553600
34.50,31.625041,10705600
35.749921,33.37488,10555200
36.125041,34.50,17510400
36.250079,31.50,28483200
31.374959,29.25,12691200
30.37488,28.750079,9270400
31.750079,29.749921,18787200
34.12512,31.87488,11481600
34.999921,33.125041,7427200
36.250079,34.000079,13686400
34.999921,33.499921,16043200
35.124959,33.75,6904000
35.375041,32.500079,21408000
33.75,31.87488,17718400
36.624959,31.625041,27313600
37.374959,33.125041,41558400
34.999921,31.999921,28099200
35.25,32.124959,28028800
33.250079,31.000079,29809600
32.25,28.625041,30428800
31.249921,26.500079,36244800
26.874959,24.875041,24388800
27.00,24.75,20267200
25.999921,22.87488,50636800
21.87504,20.87496,5376000
22.12512,19.750081,18164800
19.249919,19.000081,2577600
19.750081,18.87504,4907200
20.37504,18.75,2924800
20.500081,19.4376,5008000
19.87488,19.000081,6640000
18.75,17.51568,2180800
17.500081,16.750081,2579200
17.62512,16.750081,3923200
18.250081,17.749919,1396800
18.75,17.87496,1806400
18.250081,17.87496,1513600
18.12504,17.749919,715200
18.499919,17.37504,3619200
18.12504,16.999919,4926400
18.62496,17.87496,2049600
19.37496,17.87496,5496000
18.75,17.87496,1732800
20.25,18.62496,1886400
20.25,19.50,1353600
20.12496,19.000081,2851200
19.87488,19.12512,2592000
21.37488,20.25,2521600
21.37488,20.25,3827200
21.75,19.87488,5596800
22.12512,19.750081,8190400
20.37504,19.750081,1633600
20.62512,18.75,9120000
19.12512,18.75,1081600
19.12512,18.499919,803200
19.000081,18.499919,1057600
19.750081,18.87504,3419200
19.249919,17.37504,6734400
17.62512,17.25,1124800
17.749919,17.25,1588800
18.12504,17.62512,1022400
18.12504,17.749919,2137600
18.499919,17.87496,1729600
18.62496,18.250081,1192000
19.000081,18.12504,1681600
19.750081,18.62496,1340800
20.12496,19.62504,712000
20.25,19.50,2348800
19.50,18.12504,2179200
18.37488,17.87496,932800
18.499919,17.87496,1656000
19.249919,17.62512,2982400
19.750081,19.000081,995200
19.750081,19.50,340800
20.25,19.50,1646400
20.62512,20.12496,969600
20.749919,20.500081,625600
20.749919,20.500081,558400
21.00,20.500081,1984000
21.12504,20.87496,1244800
21.499919,21.00,1492800
22.12512,21.250081,1868800
22.249919,21.75,2232000
22.249919,21.75,2582400
22.12512,21.12504,3504000
21.62496,21.00,2702400
21.75,21.00,3884800
21.62496,20.62512,6452800
20.87496,20.37504,2382400
22.87488,20.37504,8673600
22.50,20.87496,2366400
22.62504,20.87496,2299200
22.62504,22.000081,715200
23.25,22.000081,2046400
23.500081,22.000081,4324800
22.62504,20.37504,5827200
21.250081,19.12512,4105600
21.75,21.250081,849600
22.12512,21.499919,688000
22.12512,21.62496,1067200
22.62504,21.62496,2040000
23.87496,22.50,3774400
24.624959,23.749919,5332800
24.00,21.37488,7460800
21.499919,20.500081,1761600
21.62496,20.37504,1977600
21.62496,20.749919,2665600
21.00,20.500081,1382400
20.87496,19.750081,3193600
19.50,18.75,1374400
19.000081,18.499919,1267200
19.12512,18.499919,907200
18.87504,18.12504,835200
18.62496,18.12504,753600
18.62496,18.37488,148800
19.249919,18.62496,528000
19.37496,18.75,1012800
20.12496,19.37496,913600
21.12504,19.750081,1987200
22.12512,20.12496,5193600
20.37504,19.750081,1897600
20.12496,19.750081,388800
20.25,19.750081,1024000
19.999919,18.250081,1921600
19.249919,18.250081,688000
19.62504,19.12512,494400
19.62504,19.37496,428800
19.87488,19.12512,864000
20.37504,19.62504,1177600
20.62512,19.999919,4852800
20.500081,16.999919,10464000
17.500081,16.999919,864000
17.749919,16.50,1833600
18.499919,17.749919,1748800
18.250081,17.749919,971200
19.249919,18.12504,817600
19.37496,18.87504,510400
19.249919,18.499919,1168000
19.000081,17.500081,1388800
18.00,16.999919,931200
17.500081,16.249919,686400
16.62504,16.12512,371200
16.62504,15.75,600000
16.750081,15.75,1283200
16.37496,15.499919,888000
18.00,16.249919,1881600
19.000081,17.500081,1132800
19.87488,18.75,1235200
19.87488,18.75,1608000
19.249919,17.749919,1849600
18.499919,17.37504,3726400
18.499919,17.500081,1900800
18.00,16.999919,1696000
17.25,15.499919,3510400
18.75,16.000081,5899200
19.999919,18.499919,2112000
19.999919,19.249919,1211200
20.62512,19.750081,748800
21.75,20.500081,1384000
22.249919,21.250081,984000
22.249919,20.500081,2286400
21.00,19.000081,4067200
22.000081,18.250081,7392000
22.000081,20.749919,1488000
22.249919,21.499919,993600
22.249919,21.75,633600
22.750081,21.75,2544000
21.75,20.500081,2958400
21.499919,20.500081,4033600
22.249919,20.500081,5564800
25.000079,22.50,3249600
25.50,24.75,2046400
26.25,24.499921,5668800
26.749921,25.750079,2608000
26.500079,25.50,4243200
26.874959,26.124959,1849600
27.250079,26.500079,3457600
28.750079,27.499921,3873600
27.499921,27.00,1166400
28.000079,27.125041,2468800
28.000079,27.250079,1142400
28.750079,27.250079,1734400
28.999921,27.499921,3038400
28.750079,27.00,3726400
29.62512,28.50,2224000
30.00,28.750079,2491200
29.500079,27.499921,2918400
28.000079,27.00,2563200
29.124959,27.75,4048000
30.37488,28.999921,4257600
30.499921,29.749921,2448000
30.499921,29.749921,3390400
30.75,29.749921,2200000
31.000079,29.500079,4003200
31.50,30.00,2747200
31.750079,30.499921,5875200
30.75,29.749921,4032000
30.75,29.124959,6288000
30.75,29.749921,5569600
32.500079,29.375041,8214400
32.500079,31.249921,6116800
33.250079,31.50,9731200
31.750079,30.00,4881600
31.50,29.500079,5003200
31.999921,30.499921,5928000
32.25,31.249921,7561600
32.25,28.999921,19478400
29.124959,27.75,7795200
28.999921,28.000079,4297600
28.999921,27.499921,8041600
30.75,28.750079,12913600
30.125041,28.000079,27268800
28.249921,24.75,42816000
32.25,28.000079,48016000
36.00,30.00,79219200
43.000079,24.499921,408720000
